scan_id,verdict,critical_count,high_count,medium_count,low_count,info_count,rollback_triggered,issued_at
37bde478-bf66-49d4-b3be-60e40fda8fcb,fail,0,1,0,1,0,true,2026-06-26 01:22:53+00
36c76f79-fc45-4a60-95b2-c7147acd69fb,fail,2,1,0,0,0,true,2026-05-21 10:28:35+00
156ce0c9-d952-4b03-a8d2-44e0ad497615,pass,0,0,0,0,0,false,2026-06-17 22:29:48+00
1a8a372a-d38a-414b-bd99-5096ad1501b7,fail,0,1,0,1,1,true,2026-06-09 07:13:34+00
6c9aa05c-d41b-4109-91ba-07cabfb30525,fail,0,2,1,0,0,true,2026-06-14 09:56:42+00
83aeb2b6-4818-4c77-9d0f-53070d7bdf58,fail,0,1,3,0,0,true,2026-05-20 23:02:30+00
7cbd8b2b-3e1d-4891-812b-96a9bbc148e5,warning,0,0,2,0,0,false,2026-06-03 16:17:29+00
dcdaa869-ef98-4cc1-8ef8-99034ea8cb5c,pass,0,0,0,0,0,false,2026-05-31 09:08:23+00
cdd8c6d2-4f68-472f-a55e-358bb2b338f7,fail,0,2,1,0,0,true,2026-06-16 20:56:32+00
817f5eab-98a9-4306-9a38-94ad9c64ef12,pass,0,0,0,0,0,false,2026-06-04 19:31:27+00
655ecc58-9245-4a66-8d8c-bc06bb74aa98,warning,0,0,1,1,0,false,2026-06-07 13:00:30+00
d64b4ae4-aeae-465d-9506-6b106120a46d,fail,0,1,0,0,0,true,2026-05-13 15:21:09+00
6563e12a-120f-4859-b3fd-43b5b798a1e8,warning,0,0,0,1,1,false,2026-05-26 08:37:33+00
afe4f7de-4f2f-4e3c-855c-fdf4234aff10,warning,0,0,1,1,0,false,2026-06-09 07:59:20+00
723cccff-357d-444c-b713-02bc61ed9b73,fail,0,1,0,2,0,true,2026-06-17 09:19:21+00
34cd4e33-b8df-43d3-a418-d5e71d436bfc,pass,0,0,0,0,0,false,2026-06-09 13:41:32+00
18187ae1-f413-497a-b31d-7bae026a5489,pass,0,0,0,0,0,false,2026-05-16 07:12:41+00
fbe13e57-3727-4b76-80cc-cbcb486f7206,fail,0,1,1,0,0,true,2026-06-14 07:40:40+00
853388cd-efc1-47f6-8918-13009772ea52,fail,0,1,1,0,0,true,2026-05-15 16:43:53+00
acdee961-3b44-4047-b023-fd78ad7e2c70,pass,0,0,0,0,0,false,2026-06-12 00:47:12+00
b3b6bb1b-84b0-4a72-a685-ae1d84c6af9d,warning,0,0,1,0,1,false,2026-05-14 10:42:12+00
77baa7b8-4578-418e-a358-5359f1a45718,fail,0,1,0,0,0,true,2026-06-12 04:50:41+00
0df697a8-146d-4701-9bfe-48537548524c,warning,0,0,1,2,1,false,2026-06-20 02:35:44+00
b2c456b0-ecd2-468f-995a-fbae9783f81a,pass,0,0,0,0,0,false,2026-06-23 12:14:30+00
bf9efc04-a016-4aa3-96ba-2f0e9049198f,fail,0,1,1,0,0,true,2026-06-11 05:00:49+00
5db5887e-c6de-428b-b7fd-f5170362e157,pass,0,0,0,0,0,false,2026-05-25 07:17:21+00
4b8ea2e1-1a90-4be5-84f9-0561d6885ae0,pass,0,0,0,0,2,false,2026-05-27 01:38:52+00
bc398eb0-c232-4792-a733-462e0fa5809f,fail,1,0,1,0,0,true,2026-05-21 15:46:00+00
cb8a32ee-2209-47d8-943d-87558fa2ab76,warning,0,0,1,0,0,false,2026-06-08 00:22:22+00
b10e5a60-0666-4e71-8b6a-99411980ecbe,pass,0,0,0,0,0,false,2026-05-26 20:06:20+00
83164838-652e-4c7a-9a96-24835043ebf8,pass,0,0,0,0,0,false,2026-05-19 00:54:42+00
d722fa53-fc28-414a-9bbe-a2139acca298,fail,0,1,1,0,0,true,2026-05-28 15:27:56+00
31f8632e-ab4f-40e9-a892-56e80d275f40,warning,0,0,0,1,2,false,2026-06-12 23:43:56+00
755be1a3-f95f-4d60-a47a-b9dc6d39f5a6,pass,0,0,0,0,0,false,2026-06-16 05:29:41+00
41016b30-53f2-4010-a2b5-ae58f40a48fa,fail,0,1,0,1,0,true,2026-06-13 11:14:38+00
4b22a154-14ca-4f1d-b2ba-91a9388820bf,fail,0,1,0,0,0,true,2026-05-29 07:59:18+00
f8f4a1a3-6b00-43e3-ad62-5a7b127c7e8f,warning,0,0,0,1,0,false,2026-06-19 15:31:33+00
fcded6f9-cc7c-40de-9e36-061d3c2c4ad5,pass,0,0,0,0,0,false,2026-05-26 04:12:52+00
e0361580-243c-4244-a831-3586e1fcda50,fail,1,0,2,0,0,true,2026-05-21 21:56:21+00
3a586094-7663-4068-b7d5-e568d8cc1ea9,fail,2,2,0,0,0,true,2026-06-05 19:18:59+00
48033c7e-19ef-49ed-bd0b-2cc343e84a01,pass,0,0,0,0,0,false,2026-06-24 15:22:39+00
7e5a567e-4816-47a3-b855-843a9905e040,pass,0,0,0,0,0,false,2026-05-28 17:08:35+00
3e44947d-8bed-42de-ace5-2f6c514778d6,fail,0,1,0,0,0,true,2026-06-02 13:39:16+00
dfa01c44-0e02-4ba7-9702-83d420f8301d,warning,0,0,1,1,0,false,2026-05-23 00:38:27+00
fbc255f2-63df-46ee-9042-e30e2b84bec9,fail,1,0,0,2,0,true,2026-05-13 22:17:28+00
c8889960-8152-406d-aedd-705ce8bf70bd,warning,0,0,1,1,0,false,2026-05-23 09:09:47+00
b4fc442c-01c0-4946-8360-6530253df871,warning,0,0,0,1,0,false,2026-05-19 14:58:09+00
6684d800-cc51-42bf-9038-806ffb067fe6,pass,0,0,0,0,0,false,2026-06-14 21:03:22+00
4a1f97b9-d1e8-4ece-977b-8b2c3067a838,fail,1,1,0,0,0,true,2026-06-15 03:09:38+00
fba2b2b0-ea3d-43d2-a5ae-9a99cf19977f,fail,0,1,0,0,2,true,2026-05-27 08:48:55+00
4c871941-95a5-4773-937f-975ac17c3f63,pass,0,0,0,0,0,false,2026-05-16 00:24:46+00
119779fe-e213-4203-976b-f53de1cdcd6c,fail,1,0,1,0,0,true,2026-06-14 10:23:38+00
86f50f82-37e2-480e-b345-37f7f35fe0a6,fail,2,0,0,0,0,true,2026-06-03 08:34:51+00
f17520b7-dc4c-4e95-9969-0b3af58f5d6a,pass,0,0,0,0,0,false,2026-05-24 23:38:36+00
098b096c-dd78-4e1a-b831-01339b05c84f,fail,0,1,0,1,0,true,2026-05-27 02:52:23+00
740a469e-1615-4da7-8317-ff08358d5864,warning,0,0,0,1,0,false,2026-06-21 22:26:43+00
c4c31f52-189e-4ce5-8c7a-ad9b07a77991,pass,0,0,0,0,2,false,2026-05-29 10:49:29+00
e5c11a33-b268-45d3-8f5a-38a6afbbe1ff,pass,0,0,0,0,0,false,2026-05-27 23:09:40+00
c7758fe9-22be-4cc9-a11f-aeb060872a88,warning,0,0,1,0,1,false,2026-05-15 15:56:04+00
37a3241c-c20f-4ca9-b5cc-39e2b3887005,fail,0,1,0,1,0,true,2026-05-22 09:45:53+00
bc4ddd24-8831-449e-bcad-fe78db886a60,warning,0,0,0,1,1,false,2026-06-21 16:40:29+00
9ed55021-cb0b-44f5-abee-2d59953a86e7,warning,0,0,0,1,0,false,2026-06-25 18:48:52+00
2564c50c-9171-483a-a5fe-6943413aff27,warning,0,0,0,2,0,false,2026-06-03 16:40:49+00
879b2259-3b14-40e9-96d8-333ab2ddc1b7,warning,0,0,1,2,1,false,2026-06-03 03:01:48+00
11918d1f-0cd1-4ad7-bded-47f6ae693922,pass,0,0,0,0,2,false,2026-06-07 19:59:01+00
08f565cd-b01b-4e3b-a83b-0dda70646da4,warning,0,0,1,0,1,false,2026-06-04 17:58:43+00
2e35afd6-9ec0-4e2a-8e18-1e0705fa5461,fail,1,2,0,0,0,true,2026-05-17 21:32:53+00
6f607128-7e63-4c14-ab9e-eccfbb26986f,fail,0,1,1,1,1,true,2026-06-19 13:35:20+00
c73374a4-bb3e-4afd-9b00-42e4ed0aa941,pass,0,0,0,0,0,false,2026-06-09 16:57:46+00
ad9bf12b-8f72-4484-ad30-3729439da57f,pass,0,0,0,0,0,false,2026-05-15 08:56:12+00
72483206-c53b-48a8-886b-66683d977657,fail,0,1,1,0,0,true,2026-05-25 10:29:43+00
2ab1524a-caef-45fd-aa66-42f83937c43a,pass,0,0,0,0,0,false,2026-05-27 03:28:30+00
3ac67731-1fde-4644-ba9e-9787a4b9eb78,pass,0,0,0,0,0,false,2026-05-14 01:41:05+00
c852c124-b5c4-4184-a687-faf50c6442eb,pass,0,0,0,0,0,false,2026-06-22 11:05:23+00
e5020526-6e7a-4466-94d0-8dc6a1ecc17d,fail,0,1,0,0,1,true,2026-05-14 07:07:22+00
f53ad8f8-5748-4629-9782-917d1d239a54,warning,0,0,0,2,0,false,2026-06-15 12:38:23+00
29c9f70a-0f77-4f77-8f64-9b7c2a8f2aa3,warning,0,0,2,0,0,false,2026-06-15 13:37:39+00
5a57ab19-98e9-4e9f-9309-21cfb46cc896,pass,0,0,0,0,0,false,2026-06-11 22:51:12+00
972c1ab4-92b0-443e-aa70-b145611070ef,warning,0,0,1,1,0,false,2026-06-14 00:13:18+00
b2180943-42b6-450f-92a6-3e40246d966d,fail,0,1,1,0,0,true,2026-06-05 14:59:40+00
6c622a4e-9545-454b-a8ee-88423c71419f,fail,1,0,0,0,0,true,2026-06-09 11:41:24+00
88dd06af-7f5b-4896-90f4-2d697699f3f1,fail,0,1,0,0,0,true,2026-06-03 01:04:35+00
717f0a53-fd3e-4df2-8875-3b5bc99d2c51,pass,0,0,0,0,1,false,2026-06-23 00:14:22+00
cd8c0291-0820-4c92-856c-7119c1a83b25,pass,0,0,0,0,0,false,2026-06-09 18:04:24+00
9d126fbf-d4e0-4793-a17e-dbf60438cd58,pass,0,0,0,0,0,false,2026-05-18 07:15:03+00
e9265d30-a990-413d-98b2-628f1c0883f7,fail,0,1,1,0,0,true,2026-05-17 21:52:56+00
7d5b392d-f372-4988-8f6d-38456bf403b4,fail,0,1,1,1,0,true,2026-05-26 07:02:26+00
68a7cf40-fc19-4701-bc27-aabb6ee37e50,pass,0,0,0,0,2,false,2026-06-03 18:19:14+00
4dc0a525-290f-4597-b2fc-d70039902de4,warning,0,0,1,0,1,false,2026-06-15 05:15:33+00
eb63f58f-ca57-47c0-a68a-2798c7018f92,pass,0,0,0,0,2,false,2026-05-29 06:22:47+00
474b8ffc-02e1-45bd-a4cc-23f5e9952232,pass,0,0,0,0,0,false,2026-05-18 04:56:54+00
8d5a0d7e-044a-43f8-b181-c7d198a0bfff,warning,0,0,2,0,1,false,2026-06-07 18:52:15+00
b8cd6274-63c8-4cd5-8154-1a225bbf6703,fail,1,1,0,1,0,true,2026-05-15 22:28:46+00
33d737c2-137a-4925-b60b-bea6c95f3368,warning,0,0,2,0,0,false,2026-06-02 21:50:35+00
3a309352-be5c-4c49-a2c0-068c046ddc54,fail,2,1,0,0,0,true,2026-05-20 20:02:58+00
d1eeed2f-134a-4f91-8d9e-bc99d23c97ac,warning,0,0,1,1,0,false,2026-06-14 02:38:24+00
e93fa5be-d94f-435c-92fe-507f861561f1,fail,0,2,0,0,0,true,2026-05-26 16:34:54+00
8470e334-eb96-4cf8-a049-47cf4b3ac60c,warning,0,0,3,0,0,false,2026-05-30 16:47:54+00
e6f76a8c-8933-4179-aadc-54adf7ef7c78,fail,1,0,0,0,0,true,2026-05-25 18:47:50+00
e6b47058-ffb9-4515-ba41-01f5e8928871,fail,1,0,1,1,0,true,2026-06-12 09:04:55+00
66984ca2-d6ac-4c8b-8691-81cc29dde4d6,warning,0,0,0,2,0,false,2026-05-13 17:52:30+00
ae279464-e881-452e-89a9-ae0ba2238021,pass,0,0,0,0,0,false,2026-05-23 03:50:24+00
4355759c-3163-4ccd-84df-f982a94d5976,warning,0,0,1,0,0,false,2026-06-07 10:09:36+00
7dd30b68-d0ea-4c51-ba1f-5e3dfb14aff0,warning,0,0,0,2,0,false,2026-05-17 17:53:20+00
a00a7114-7b6b-4c41-9e52-e66f530cf84d,fail,0,1,0,0,0,true,2026-06-05 14:22:28+00
ec03f57d-7a4c-4ab7-955a-00663118dcb5,pass,0,0,0,0,0,false,2026-05-26 05:18:30+00
ec1f0d3d-bd55-4a0b-a956-12beac222ef0,fail,0,1,0,0,0,true,2026-05-25 16:22:08+00
a8b579eb-bb67-43af-9c94-ac246f4203fd,pass,0,0,0,0,0,false,2026-06-08 09:58:35+00
fafb2407-e29a-4150-ba7b-a8a16b265085,fail,0,2,0,0,0,true,2026-06-18 03:19:02+00
06605d32-9f28-4075-b0af-e8807eea362c,fail,0,1,1,0,2,true,2026-05-26 18:44:19+00
a0d97d10-aefc-4542-a2aa-768f3bb45ecd,warning,0,0,2,0,0,false,2026-05-27 02:53:21+00
179aa32d-de47-4a61-b502-03ed05db6f95,warning,0,0,1,1,0,false,2026-05-25 21:42:21+00
0a71db9c-2602-4072-9bd0-d4f6a23665f1,pass,0,0,0,0,0,false,2026-06-15 00:26:26+00
64340720-3c3a-4fb9-8c85-b7530e69093d,warning,0,0,1,0,0,false,2026-05-26 12:51:47+00
597a11da-e881-4ab7-aa24-e348ca9a3b7e,fail,0,1,0,1,1,true,2026-05-16 14:55:35+00
2843b81f-8bf2-43a1-b31a-9a29237debfd,pass,0,0,0,0,0,false,2026-05-14 17:59:02+00
64a18de1-aa02-4697-b24b-1cf02d79209a,pass,0,0,0,0,1,false,2026-05-29 08:34:06+00
326b738b-4c27-461d-a057-ee3aa9b7d3df,pass,0,0,0,0,0,false,2026-06-23 16:51:48+00
6a3c6464-8fc4-4ef7-9377-5cbebaa0d6dd,fail,0,1,0,1,0,true,2026-06-18 04:12:19+00
2d9fb6d1-44b9-437e-97e3-1946a898f597,pass,0,0,0,0,1,false,2026-06-12 15:40:13+00
4bae0b6c-6fc1-4933-8021-2aff1c18d2fe,pass,0,0,0,0,1,false,2026-05-19 05:43:23+00
e5882840-28f7-4ad6-a564-3b4a319c4d97,pass,0,0,0,0,0,false,2026-06-03 10:27:18+00
8a859a90-e2d3-4f17-8fdc-9131d6089065,warning,0,0,2,0,2,false,2026-06-25 23:10:09+00
2e3730f7-5e0f-418b-b8dd-c1bf4524a9b2,fail,0,1,0,1,0,true,2026-05-26 20:43:34+00
f7005c87-2760-462c-bca5-93f0aaad0617,pass,0,0,0,0,0,false,2026-06-07 01:51:51+00
afa66f93-b0c5-413b-bfdb-3f22735ba6c2,warning,0,0,1,0,0,false,2026-06-06 00:00:52+00
5335b5c5-db1e-4f6a-b22e-a421d859db24,pass,0,0,0,0,0,false,2026-06-16 00:23:09+00
64c8915d-37c0-43fc-b3e5-c3e7d2c76df3,warning,0,0,1,0,1,false,2026-06-16 20:15:05+00
93f0934d-28bd-4d5c-a3c8-ed2c3ea2f9be,warning,0,0,0,2,2,false,2026-05-28 07:15:14+00
d7cf53f5-86b9-41b9-9dae-e470291a9bdf,warning,0,0,1,1,1,false,2026-06-26 19:22:07+00
3c610330-fcc5-46f6-a4c3-01154f0b6ae6,fail,0,1,0,1,0,true,2026-05-18 07:19:25+00
7e028908-5ca5-4fd3-95a5-1b5674ca97a7,fail,0,1,1,1,0,true,2026-05-28 15:31:08+00
de1ec134-fee8-41e4-9c8c-550c94641a49,fail,0,1,1,0,1,true,2026-05-21 07:21:06+00
09cb6090-ea9c-4554-b3bf-344912d05f82,fail,1,1,1,0,0,true,2026-06-03 06:07:58+00
e7ac83ef-7f3e-4a14-b831-42263d56bd38,fail,0,1,0,1,0,true,2026-06-15 02:46:40+00
73e8ebef-21c0-4702-84eb-18c5ca11f670,pass,0,0,0,0,0,false,2026-05-18 14:30:12+00
ad40b58a-606d-43e7-b8f5-ddcb84a83484,warning,0,0,1,0,1,false,2026-05-27 03:01:01+00
f6743da4-619a-4508-9ff3-806d7f50d698,warning,0,0,2,0,0,false,2026-05-19 20:50:46+00
3cff6a26-bc7e-4607-ae20-a948ee46fa99,warning,0,0,1,1,0,false,2026-05-15 03:05:30+00
6de719d5-8abe-4499-b09a-90bda7ad86ad,pass,0,0,0,0,0,false,2026-05-23 16:15:11+00
422ad6b7-ffd0-4b4d-8475-3ee180f871b6,fail,1,0,2,0,0,true,2026-06-11 09:49:17+00
0364ba0e-16f8-44c7-8431-7505f8520beb,fail,0,2,1,1,0,true,2026-06-19 03:58:41+00
6113dfba-3c5f-41eb-b02b-ccd564cef739,fail,0,1,0,2,1,true,2026-05-31 10:23:41+00
3a71cd5f-7417-47a6-8569-27504a843d01,pass,0,0,0,0,1,false,2026-05-29 13:10:40+00
30d32169-8a6f-4c77-b944-7998909ef67b,warning,0,0,1,0,1,false,2026-06-03 09:16:42+00
3bb8cefa-49ac-487c-9c02-40af9d05dc19,fail,0,1,1,0,0,true,2026-06-13 02:42:08+00
97eab75f-2162-49a0-97b5-44ad6e94f428,warning,0,0,0,1,0,false,2026-06-14 09:44:48+00
703572d1-0bd5-4a22-9f99-bc23e73f45ee,fail,0,1,0,2,0,true,2026-06-14 15:22:59+00
d79317ac-c94c-4dbe-b233-67e61d778b2e,fail,1,1,0,0,0,true,2026-05-18 23:36:27+00
71e322f2-7072-46be-bb00-38112c854cc8,fail,0,1,1,0,0,true,2026-05-15 09:16:20+00
96547535-0c7d-46e6-878f-52dd9e2c5863,fail,1,0,0,0,0,true,2026-05-13 23:10:21+00
162d30e3-975a-47bc-b1ab-3cea600dc953,warning,0,0,1,0,2,false,2026-06-14 07:58:15+00
d35bb594-cf5d-4da1-8cba-1a42c8f6ea9e,fail,1,2,0,1,0,true,2026-05-29 01:31:39+00
c7a1026f-4042-4626-bdf9-59b9454c450e,warning,0,0,2,0,0,false,2026-05-15 02:04:24+00
7a69ea61-e05a-4508-8e97-19f1195751b5,warning,0,0,1,0,1,false,2026-06-10 10:26:21+00
9fcf8aef-9329-4bac-88fb-79ce2fdb8625,fail,1,1,0,1,0,true,2026-05-15 11:10:31+00
63e7882a-0fb2-4199-8b53-c363f0818d06,warning,0,0,1,1,0,false,2026-05-28 18:55:04+00
c72a8b5e-7ec6-4fde-a068-a5c2248353d7,pass,0,0,0,0,0,false,2026-06-12 23:21:37+00
dfd947a9-4370-4ec9-af68-8f1821329eff,pass,0,0,0,0,0,false,2026-06-03 12:40:24+00
1d511478-32f2-4e78-aa80-d9ba705ce46e,warning,0,0,1,0,0,false,2026-06-16 06:55:39+00
33a497ff-08c3-4ee8-be6c-310d2940131a,warning,0,0,0,1,0,false,2026-05-15 11:19:12+00
0efd5a38-0643-4e4d-bf47-07c500826a0f,fail,0,1,0,0,0,true,2026-06-17 11:14:53+00
4a93c21e-b268-42c4-a713-cce5472511cd,warning,0,0,1,2,0,false,2026-05-29 17:58:07+00
b0d424cf-b790-4daf-821b-aee598cbbbff,warning,0,0,0,1,0,false,2026-05-22 01:39:06+00
2703184a-8faa-4763-b113-84e065fb00d5,fail,0,2,0,0,0,true,2026-06-18 03:35:37+00
a03c2a12-5950-4d36-b91b-1436ff26422a,fail,1,0,1,0,0,true,2026-06-25 16:00:00+00
23a0cfc3-d9f2-4b87-8e13-4e160f134613,pass,0,0,0,0,0,false,2026-06-13 10:25:09+00
fbd5b7ee-e8d7-48cf-801a-553162133de1,warning,0,0,0,1,1,false,2026-06-26 20:08:22+00
09efec6f-985c-4b8b-aecf-eeb52e825f5e,pass,0,0,0,0,0,false,2026-05-26 02:51:09+00
c60444f7-8e61-4c4a-b019-9519035331bd,fail,0,1,0,0,0,true,2026-06-14 14:16:15+00
e1bc06dd-ed38-4d38-9570-dd851683b99f,warning,0,0,1,0,1,false,2026-05-14 05:53:29+00
9da42beb-b5c0-4674-affa-475dae2150b9,warning,0,0,0,1,1,false,2026-05-14 14:25:03+00
f8118d90-d96a-4a40-80fb-5ca3fe69c772,fail,0,1,0,0,0,true,2026-06-17 13:09:30+00
fe7f4235-769d-42d5-94f4-ae39c609216e,fail,1,1,0,0,0,true,2026-05-20 03:41:31+00
6b1bcdae-25bb-46f3-88e5-930a2c327513,warning,0,0,0,1,1,false,2026-06-12 02:56:39+00
705d0fd4-8d0b-4828-a3d7-ee20e3619295,warning,0,0,1,0,0,false,2026-05-22 15:15:09+00
21939d15-f00b-4816-8a69-1ead6c834896,warning,0,0,2,0,0,false,2026-06-21 06:31:12+00
eaf84492-9dbe-4d64-a90b-6abb95c25739,pass,0,0,0,0,0,false,2026-06-17 13:47:29+00
8dcd5868-e8d1-4f2e-ba2a-8cc06b1887b9,warning,0,0,1,0,1,false,2026-06-26 15:41:23+00
d14b6f8a-c622-4d6a-affc-ed37fb8c26a8,fail,1,1,0,0,0,true,2026-06-06 14:11:42+00
